Filename,RelFreq NOUN,RelFreq VERB,RelFreq ADJ,RelFreq ADV,Unique PER,Unique LOC,Unique ORG
0101.a3.txt,2184.77,1210.99,811.49,499.38,1,0,2
0102.a3.txt,1974.84,1194.97,591.19,402.52,2,0,0
0103.a3.txt,2222.22,968.25,1142.86,634.92,7,0,2
0104.a3.txt,1778.39,1190.15,670.31,574.56,2,0,0
0105.a3.txt,1757.49,1389.65,681.2,844.69,2,0,2
0106.a3.txt,2418.48,1046.2,842.39,652.17,1,0,0
0107.a3.txt,2411.44,1117.17,926.43,517.71,4,0,0
0109.a3.txt,2130.68,1406.25,497.16,454.55,2,0,0
0110.a3.txt,2172.74,1349.53,728.74,539.81,2,0,0
0111.a3.txt,2119.01,1277.21,580.55,435.41,3,0,1
0112.a3.txt,2249.67,1157.35,793.24,702.21,1,0,0
0115.a3.txt,2446.04,1294.96,733.81,776.98,0,0,0
0118.a3.txt,2647.98,1152.65,919.0,358.26,0,0,1
0119.a3.txt,2318.06,1212.94,808.63,512.13,1,0,1
0120.a3.txt,2275.54,1099.07,1006.19,588.24,0,0,0
0121.a3.txt,2116.24,1147.54,536.51,640.83,3,0,0
0122.a3.txt,2560.0,1186.67,733.33,493.33,0,0,1
0125.a3.txt,2287.67,1013.7,1123.29,520.55,3,0,2
0127.a3.txt,2078.12,1109.38,812.5,593.75,8,0,1
0128.a3.txt,2112.07,1221.26,545.98,689.66,3,0,2
0130.a3.txt,1801.32,1125.83,781.46,821.19,2,0,0
0131.a3.txt,2404.53,1188.12,792.08,792.08,0,0,0
0133.a3.txt,1977.53,1078.65,584.27,707.87,4,0,2
0134.a3.txt,2272.13,1070.01,1096.43,647.29,0,0,0
0135.a3.txt,2180.56,1222.22,708.33,458.33,1,0,0
0136.a3.txt,2215.11,1344.43,691.42,486.56,0,0,0
0137.a3.txt,2261.24,1039.33,898.88,758.43,0,0,0
0138.a3.txt,2249.19,1391.59,695.79,388.35,0,0,0
0139.a3.txt,2174.54,1459.23,715.31,371.96,0,0,0
0142.a3.txt,2340.86,1252.57,1067.76,328.54,0,0,0
0143.a3.txt,2423.08,1025.64,653.85,435.9,5,0,0
0146.a3.txt,1693.55,1559.14,672.04,577.96,3,0,0
0149.a3.txt,2338.71,1282.26,637.1,701.61,0,0,0
0155.a3.txt,2021.53,1148.33,825.36,502.39,2,0,1
0156.a3.txt,2146.74,1263.59,625.0,448.37,2,0,0
0157.a3.txt,1639.12,1363.64,674.93,633.61,0,0,0
0158.a3.txt,1923.64,1292.22,822.32,528.63,2,0,0
0159.a3.txt,2389.85,1214.95,587.45,667.56,1,0,4
0161.a3.txt,2307.69,1034.97,909.09,531.47,0,0,0
0162.a3.txt,2618.38,974.93,793.87,459.61,0,0,0
0163.a3.txt,2002.65,1127.32,795.76,702.92,0,0,2
0165.a3.txt,1900.12,1327.65,669.91,511.57,4,0,1
0168.a3.txt,1877.73,1353.71,756.91,538.57,1,0,2
0169.a3.txt,2377.81,1149.27,673.71,488.77,2,0,4
0171.a3.txt,1971.66,1416.77,684.77,602.13,2,0,0
0172.a3.txt,2240.51,1164.56,822.78,468.35,1,0,0
0173.a3.txt,2328.77,1308.98,593.61,563.17,1,0,1
0174.a3.txt,2089.55,1164.18,1223.88,477.61,1,0,1
0175.a3.txt,2086.23,1293.46,611.96,417.25,1,0,0
0176.a3.txt,2356.09,1178.05,548.86,455.15,3,0,0
0177.a3.txt,2150.26,1191.71,803.11,803.11,4,0,0
0178.a3.txt,2305.05,1112.39,871.56,688.07,0,0,1
0179.a3.txt,2460.94,1276.04,638.02,442.71,2,0,2
0182.a3.txt,2247.47,1212.12,694.44,643.94,0,0,2
0185.a3.txt,2197.66,1248.37,689.21,546.16,2,0,2
0186.a3.txt,2063.27,1114.17,866.57,797.8,2,0,0
0187.a3.txt,1813.26,1096.08,947.23,514.21,7,0,1
0188.a3.txt,1910.11,1334.27,842.7,603.93,1,0,0
0189.a3.txt,2131.47,1284.86,627.49,567.73,0,0,0
0190.a3.txt,1745.83,1412.07,603.34,526.32,1,0,3
0192.a3.txt,1654.57,1393.32,609.58,261.25,1,0,0
0193.a3.txt,2250.0,1347.22,652.78,388.89,2,1,0
0195.a3.txt,2192.74,1089.39,474.86,698.32,1,0,1
0196.a3.txt,2164.18,1368.16,808.46,348.26,0,0,0
0198.a3.txt,2050.26,1150.79,529.1,542.33,2,1,0
0199.a3.txt,2103.86,1225.03,625.83,599.2,0,0,1
0200.a3.txt,2373.6,1151.69,800.56,856.74,0,0,1
0202.a3.txt,2154.15,1264.82,1027.67,454.55,0,0,0
0203.a3.txt,2668.46,1239.89,835.58,431.27,4,0,1
0204.a3.txt,2341.77,1297.47,648.73,601.27,2,0,1
0205.a3.txt,2343.39,1171.69,696.06,510.44,2,0,1
0206.a3.txt,2511.14,1144.13,668.65,356.61,3,0,0
0207.a3.txt,1760.66,1334.25,660.25,330.12,0,1,0
0208.a3.txt,2163.59,1385.22,514.51,857.52,0,0,0
0209.a3.txt,2493.04,1281.34,626.74,306.41,3,0,4
0213.a3.txt,1976.74,1511.63,865.63,452.2,1,0,0
0214.a3.txt,1901.6,1077.13,957.45,611.7,5,0,3
0215.a3.txt,1917.29,1400.38,507.52,469.92,2,0,4
0216.a3.txt,2654.99,1091.64,781.67,512.13,1,0,1
0218.a3.txt,2120.42,1361.26,641.36,379.58,0,0,1
0219.a3.txt,2331.9,1344.78,615.16,658.08,1,0,1
0221.a3.txt,2051.67,1367.78,623.1,349.54,0,0,0
0222.a3.txt,2091.99,1468.84,608.31,489.61,2,0,1
0223.a3.txt,2028.42,1240.31,671.83,710.59,0,0,1
0224.a3.txt,2064.61,1067.42,744.38,519.66,6,0,3
0226.a3.txt,2186.34,1068.32,559.01,608.7,2,0,0
0227.a3.txt,2080.24,1188.71,787.52,534.92,1,0,1
0231.a3.txt,2545.71,1181.43,759.49,520.39,1,0,0
0232.a3.txt,1964.53,1432.47,859.48,491.13,1,0,1
0234.a3.txt,1994.13,1202.35,645.16,454.55,2,0,4
0235.a3.txt,1863.7,1279.55,542.42,403.34,1,0,1
0236.a3.txt,2003.23,1357.03,630.05,726.98,2,0,0
0237.a3.txt,2415.2,1031.21,909.09,379.92,0,0,1
0238.a3.txt,2008.25,1444.29,646.49,330.12,0,0,0
1003.a3.txt,2461.68,1289.45,811.54,459.87,7,0,1
1005.a3.txt,2180.85,1223.4,744.68,518.62,0,0,0
1006.a3.txt,2014.39,1330.94,851.32,671.46,2,1,3
1007.a3.txt,2242.09,1292.98,797.8,674.0,0,0,0
1008.a3.txt,2023.97,1118.51,652.46,679.09,1,0,2
1009.a3.txt,2148.5,1311.22,868.88,394.94,0,0,1
1012.a3.txt,2279.94,1284.27,793.65,490.62,1,0,1
1013.a3.txt,2088.52,1175.66,650.07,428.77,1,0,1
1014.a3.txt,2445.14,1206.9,705.33,376.18,2,0,1
1017.a3.txt,2146.4,1401.99,806.45,632.75,0,0,0
1018.a3.txt,2109.14,1504.42,752.21,560.47,0,0,0
1020.a3.txt,2196.41,1235.48,675.82,633.58,1,0,0
1021.a3.txt,1940.3,1426.2,646.77,480.93,1,0,2
1022.a3.txt,2362.32,1347.83,739.13,405.8,1,0,1
1023.a3.txt,1980.79,1128.45,756.3,948.38,3,1,0
1032.a3.txt,1707.95,1447.2,873.53,756.19,0,0,0
1034.a3.txt,2240.6,1187.97,691.73,345.86,1,0,1
1036.a3.txt,2357.95,1107.95,823.86,539.77,1,0,0
1041.a3.txt,1957.39,1384.82,705.73,439.41,8,0,1
1043.a3.txt,1965.92,1140.24,760.16,694.63,5,0,2
1048.a3.txt,2530.86,1283.95,580.25,567.9,0,0,0
1049.a3.txt,1909.34,1401.1,728.02,618.13,0,0,0
1050.a3.txt,2425.11,1226.82,670.47,499.29,1,0,0
1052.a3.txt,2465.52,1241.38,689.66,379.31,1,0,0
1055.a3.txt,1916.79,1322.44,772.66,638.93,2,0,2
1057.a3.txt,1890.24,1268.29,743.9,560.98,1,0,1
1058.a3.txt,2621.36,1213.59,606.8,521.84,1,0,2
1060.a3.txt,2055.7,1233.42,795.76,570.29,0,0,1
1061.a3.txt,2024.92,1214.95,623.05,498.44,0,0,0
1064.a3.txt,2404.89,1304.35,720.11,570.65,0,0,0
1065.a3.txt,2148.94,1234.04,744.68,617.02,0,0,1
1066.a3.txt,2272.73,1336.9,681.82,561.5,0,0,1
1067.a3.txt,1752.41,1237.94,884.24,418.01,5,0,0
1068.a3.txt,2095.24,1396.83,682.54,492.06,0,1,0
1069.a3.txt,2204.52,956.18,730.41,464.81,3,0,1
1070.a3.txt,2352.94,1411.76,691.18,500.0,1,0,1
1072.a3.txt,2427.88,1117.79,841.35,564.9,0,0,0
1074.a3.txt,2092.73,1253.13,751.88,488.72,0,0,0
1077.a3.txt,2604.32,1136.69,892.09,503.6,1,1,1
1081.a3.txt,1812.87,964.91,877.19,584.8,1,0,1
1088.a3.txt,2220.9,1353.92,700.71,486.94,2,1,0
1090.a3.txt,1961.29,1187.1,632.26,477.42,2,0,1
1094.a3.txt,2057.61,1426.61,672.15,534.98,1,0,0
1095.a3.txt,2197.07,1211.72,625.83,439.41,4,0,3
1097.a3.txt,2557.13,1251.36,772.58,424.37,1,1,1
1098.a3.txt,1946.31,1331.1,469.8,570.47,5,0,3
1099.a3.txt,2420.09,1095.89,761.04,395.74,1,0,0
1100.a3.txt,2340.14,1115.65,802.72,462.59,0,0,0
1102.a3.txt,2280.22,1208.79,590.66,631.87,2,0,0
1103.a3.txt,1644.0,1199.01,729.3,741.66,4,0,3
1104.a3.txt,2403.43,1351.93,525.75,622.32,2,0,0
1105.a3.txt,1927.14,1222.09,669.8,575.79,2,0,1
1106.a3.txt,2110.63,1295.49,684.13,451.24,2,0,1
1109.a3.txt,2079.57,1428.57,777.58,614.83,0,0,0
1112.a3.txt,1916.33,1430.5,715.25,593.79,1,0,0
1121.a3.txt,2187.12,1142.16,826.25,558.93,9,0,2
2000.a3.txt,2468.62,1018.13,711.3,334.73,0,0,1
2005.a3.txt,1691.79,1289.78,820.77,770.52,0,1,2
2007.a3.txt,2036.75,1225.11,1041.35,581.93,1,1,1
2008.a3.txt,2149.53,1059.19,903.43,560.75,0,1,0
2011.a3.txt,2649.2,1222.71,771.47,422.13,1,0,0
2012.a3.txt,2070.59,1152.94,976.47,705.88,0,0,2
2013.a3.txt,2413.79,1048.85,948.28,603.45,0,0,0
2014.a3.txt,2313.0,1208.29,747.99,736.48,4,0,0
2015.a3.txt,2324.25,903.87,616.93,645.62,1,0,1
2016.a3.txt,2531.79,1052.02,531.79,369.94,10,0,6
2017.a3.txt,2109.48,1214.95,747.66,480.64,1,0,0
2018.a3.txt,2284.6,1475.2,574.41,339.43,1,0,0
2019.a3.txt,2118.1,1399.23,513.48,359.44,3,0,0
2020.a3.txt,2141.68,1153.21,971.99,658.98,0,0,1
2021.a3.txt,2194.79,1289.44,973.94,631.0,3,0,0
2022.a3.txt,1902.59,1217.66,700.15,593.61,0,0,1
2024.a3.txt,1985.2,1405.67,653.51,579.53,0,0,0
2026.a3.txt,2005.14,1311.05,552.7,526.99,0,0,0
2028.a3.txt,2000.0,1132.35,852.94,852.94,2,0,2
2030.a3.txt,2352.94,1406.03,530.85,416.07,1,0,0
2031.a3.txt,1684.98,1343.1,866.91,732.6,1,0,1
2032.a3.txt,2369.11,1164.92,772.25,510.47,0,2,0
2034.a3.txt,2103.79,1332.4,645.16,841.51,1,0,0
2035.a3.txt,2226.95,1163.12,1063.83,666.67,0,0,0
2036.a3.txt,1822.6,1215.07,558.93,668.29,2,0,1
2038.a3.txt,2330.94,1309.35,604.32,489.21,1,0,2
2039.a3.txt,2303.8,1113.92,708.86,443.04,1,0,1
2040.a3.txt,2383.64,1142.45,662.91,225.67,1,0,2
2041.a3.txt,2219.42,1424.97,655.74,479.19,2,0,2
2042.a3.txt,1917.61,1335.23,696.02,667.61,2,0,0
2044.a3.txt,2216.91,1291.87,669.86,494.42,1,1,1
2045.a3.txt,2061.99,1212.94,781.67,498.65,3,0,2
2046.a3.txt,2477.48,1216.22,1186.19,510.51,0,0,0
2047.a3.txt,2226.72,1268.56,958.16,526.32,0,0,0
2048.a3.txt,2309.47,1085.45,796.77,357.97,5,0,3
2049.a3.txt,2185.9,1195.1,929.52,531.15,0,0,1
2050.a3.txt,2510.12,1147.1,863.7,404.86,2,0,1
2055.a3.txt,2287.82,1303.81,615.01,356.7,2,0,0
2056.a3.txt,2100.95,1255.12,559.35,750.34,3,0,0
2057.a3.txt,1925.75,1241.3,858.47,522.04,2,0,4
2058.a3.txt,2205.51,1253.13,689.22,701.75,3,0,2
2059.a3.txt,2320.44,1215.47,828.73,414.36,7,0,7
2060.a3.txt,3064.52,806.45,483.87,483.87,0,0,1
2061.a3.txt,2297.98,1338.38,732.32,618.69,3,0,0
2062.a3.txt,2011.33,1430.59,708.22,481.59,0,0,0
2063.a3.txt,2330.71,1417.32,551.18,346.46,0,0,0
2064.a3.txt,2275.28,955.06,688.2,379.21,1,0,1
2065.a3.txt,2329.75,1379.93,519.71,519.71,0,0,5
2066.a3.txt,2522.85,1425.96,676.42,475.32,0,0,0
2067.a3.txt,2002.82,1325.81,662.91,366.71,1,0,0
2069.a3.txt,1991.81,1418.83,641.2,682.13,0,0,0
2071.a3.txt,2035.83,1335.5,586.32,553.75,0,0,1
2074.a3.txt,2162.92,1207.87,828.65,575.84,4,1,4
2075.a3.txt,1936.34,1313.0,875.33,610.08,0,0,0
3001.a3.txt,2168.02,1368.56,677.51,447.15,0,0,0
3003.a3.txt,2517.34,1169.47,1020.81,416.25,0,1,0
3013.a3.txt,1649.93,1391.68,717.36,530.85,3,0,0
3015.a3.txt,2163.16,1124.85,1174.29,642.77,0,0,1
3018.a3.txt,2159.51,1447.85,687.12,564.42,0,0,0
3020.a3.txt,2010.49,1206.29,786.71,506.99,1,0,1
3023.a3.txt,2182.81,1350.61,463.85,627.56,2,0,1
3026.a3.txt,1723.2,1424.69,637.72,407.06,2,0,2
3037.a3.txt,2398.0,1199.0,965.86,591.17,5,0,6
3040.a3.txt,2084.94,1389.96,823.68,759.33,3,0,0
3041.a3.txt,2113.26,1395.03,897.79,524.86,1,0,4
3042.a3.txt,1691.62,1497.01,718.56,733.53,1,0,1
3044.a3.txt,2079.59,1116.82,718.87,410.78,2,0,5
3062.a3.txt,2662.98,1149.17,917.13,651.93,2,0,1
3063.a3.txt,2358.37,1212.12,645.59,711.46,1,0,1
3065.a3.txt,2103.96,1262.38,804.46,371.29,1,0,0
3067.a3.txt,2098.77,1358.02,913.58,555.56,3,0,1
3072.a3.txt,2558.64,1204.69,660.98,607.68,3,0,2
4001.a3.txt,2029.97,1158.04,1035.42,899.18,2,0,1
4002.a3.txt,2526.46,1044.97,701.06,582.01,2,0,3
4003.a3.txt,2174.5,1248.32,939.6,657.72,3,0,0
4004.a3.txt,2205.48,1383.56,643.84,534.25,2,0,0
4005.a3.txt,2629.25,1344.17,738.55,576.07,2,0,0
4006.a3.txt,2071.43,1171.43,1057.14,542.86,2,0,0
4007.a3.txt,2083.9,1339.65,744.25,487.14,0,0,5
4009.a3.txt,1833.91,1470.59,622.84,588.24,1,0,0
4010.a3.txt,1634.41,1354.84,795.7,677.42,2,0,0
4011.a3.txt,2021.12,1478.13,708.9,618.4,1,0,0
4012.a3.txt,2184.87,1358.54,714.29,490.2,1,0,0
4013.a3.txt,1770.83,1469.91,798.61,821.76,2,1,0
4014.a3.txt,2364.67,1225.07,940.17,470.09,6,0,0
4015.a3.txt,1965.07,1266.38,538.57,771.47,1,0,0
4017.a3.txt,2000.0,1188.57,982.86,651.43,0,0,1
4020.a3.txt,2104.64,1379.31,879.9,606.42,2,1,4
4023.a3.txt,2044.82,1148.46,798.32,714.29,0,0,0
4024.a3.txt,1892.58,1189.26,946.29,626.6,5,0,4
4026.a3.txt,2865.33,1146.13,959.89,372.49,0,1,0
4027.a3.txt,2190.35,1368.97,638.85,586.7,1,0,1
4028.a3.txt,1516.03,1472.3,641.4,772.59,0,0,0
4029.a3.txt,1973.49,1119.29,765.83,544.92,2,1,0
4030.a3.txt,1869.03,1145.98,627.56,763.98,4,1,3
4032.a3.txt,1735.54,1322.31,798.9,633.61,2,0,1
4036.a3.txt,1980.44,1234.72,745.72,660.15,3,0,2
4037.a3.txt,2170.44,1278.3,825.57,412.78,0,0,3
4038.a3.txt,2202.75,1239.05,863.58,575.72,2,0,0
4039.a3.txt,1896.3,1451.85,740.74,696.3,0,0,0
4041.a3.txt,1957.34,1279.8,727.73,614.81,2,0,0
4042.a3.txt,2147.56,1080.37,566.53,500.66,5,1,1
4043.a3.txt,1835.36,1417.0,769.23,958.16,1,0,1
4044.a3.txt,1884.5,1595.74,927.05,699.09,0,0,0
4045.a3.txt,2040.05,1289.11,638.3,563.2,1,0,2
4046.a3.txt,2067.04,1256.98,670.39,628.49,1,0,0
4047.a3.txt,1747.57,1386.96,735.09,859.92,1,0,0
4048.a3.txt,2262.25,1123.92,778.1,706.05,1,1,1
5001.a3.txt,2191.08,1121.02,840.76,687.9,2,0,1
5002.a3.txt,1826.67,1066.67,786.67,706.67,1,1,1
5003.a3.txt,1805.56,1083.33,1013.89,888.89,0,0,1
5005.a3.txt,2131.15,1325.14,710.38,628.42,2,0,0
5007.a3.txt,2131.34,1094.47,794.93,506.91,5,0,4
5008.a3.txt,2380.95,1274.13,797.94,604.89,7,0,3
5009.a3.txt,2599.28,1119.13,1191.34,667.87,0,0,0
5011.a3.txt,1932.77,1330.53,952.38,700.28,0,0,0
5012.a3.txt,2451.61,1303.23,903.23,425.81,2,0,2
5013.a3.txt,1875.92,1477.1,679.47,738.55,0,0,0
5015.a3.txt,1936.38,1203.32,926.69,580.91,1,0,0
5016.a3.txt,1767.24,1077.59,718.39,689.66,3,0,2
5018.a3.txt,1641.59,1354.31,615.6,560.88,3,1,0
5020.a3.txt,1678.32,1482.52,643.36,657.34,0,0,0
5023.a3.txt,1918.32,1336.63,532.18,829.21,1,0,0
5024.a3.txt,1813.66,1291.93,621.12,559.01,3,0,1
5026.a3.txt,2023.39,1251.46,818.71,538.01,1,0,1
5027.a3.txt,2114.65,1070.06,751.59,738.85,0,0,0
5028.a3.txt,1922.56,1268.36,640.85,627.5,0,0,1
5029.a3.txt,2161.38,1469.74,720.46,547.55,6,0,0
5031.a3.txt,2002.97,1335.31,637.98,608.31,6,0,0
5032.a3.txt,2126.76,1507.04,676.06,690.14,2,0,0
5033.a3.txt,1683.45,1294.96,848.92,618.71,1,0,0
5035.a3.txt,2325.3,1048.19,1060.24,783.13,3,0,2
5036.a3.txt,2523.9,1204.59,630.98,458.89,1,0,0
5038.a3.txt,1975.81,1196.24,1048.39,712.37,0,0,0
5039.a3.txt,2235.14,1356.59,930.23,555.56,6,0,2
5041.a3.txt,2124.03,1131.78,728.68,480.62,5,0,0
5042.a3.txt,2047.15,1501.24,880.89,409.43,0,0,0
5043.a3.txt,2162.88,1388.52,881.17,587.45,1,0,2
5046.a3.txt,2457.39,1406.25,667.61,553.98,0,0,1
5047.a3.txt,2439.02,1128.05,929.88,518.29,0,0,0
5048.a3.txt,2234.19,1224.76,780.62,511.44,5,0,0
5049.a3.txt,2368.08,1402.83,785.07,527.67,0,0,1
